{
    "foreground_mean": {
        "Dice": 0.9124593500832194,
        "FN": 686.9133333333333,
        "FP": 845.1,
        "IoU": 0.8439285519040625,
        "TN": 843389.4266666668,
        "TP": 9507.2,
        "n_pred": 10352.300000000001,
        "n_ref": 10194.113333333333
    },
    "mean": {
        "1": {
            "Dice": 0.8978071372720998,
            "FN": 698.74,
            "FP": 1015.66,
            "IoU": 0.8211227844401999,
            "TN": 843558.92,
            "TP": 9155.32,
            "n_pred": 10170.98,
            "n_ref": 9854.06
        },
        "2": {
            "Dice": 0.8923596717644385,
            "FN": 972.42,
            "FP": 1050.72,
            "IoU": 0.8079370845856002,
            "TN": 843322.42,
            "TP": 9083.08,
            "n_pred": 10133.8,
            "n_ref": 10055.5
        },
        "3": {
            "Dice": 0.9472112412131202,
            "FN": 389.58,
            "FP": 468.92,
            "IoU": 0.9027257866863875,
            "TN": 843286.94,
            "TP": 10283.2,
            "n_pred": 10752.12,
            "n_ref": 10672.78
        }
    }
}
