{
    "foreground_mean": {
        "Dice": 0.7687003672950992,
        "FN": 19577.266666666666,
        "FP": 24989.568888888887,
        "IoU": 0.7028115958998629,
        "TN": 134044553.84444445,
        "TP": 352538.9466666667,
        "n_pred": 377528.5155555555,
        "n_ref": 372116.2133333333
    },
    "mean": {
        "1": {
            "Dice": 0.9594814220021164,
            "FN": 34639.026666666665,
            "FP": 29532.92,
            "IoU": 0.9234879832750839,
            "TN": 133589109.72,
            "TP": 788377.96,
            "n_pred": 817910.88,
            "n_ref": 823016.9866666667
        },
        "2": {
            "Dice": 0.8446761929282763,
            "FN": 19390.066666666666,
            "FP": 43677.386666666665,
            "IoU": 0.7640103564686149,
            "TN": 134119906.82666667,
            "TP": 258685.34666666668,
            "n_pred": 302362.73333333334,
            "n_ref": 278075.41333333333
        },
        "3": {
            "Dice": 0.5019434869549044,
            "FN": 4702.706666666667,
            "FP": 1758.4,
            "IoU": 0.42093644795588975,
            "TN": 134424644.98666668,
            "TP": 10553.533333333333,
            "n_pred": 12311.933333333332,
            "n_ref": 15256.24
        }
    }
}
