{
    "foreground_mean": {
        "Dice": 0.8950160468205122,
        "FN": 160.68461538461537,
        "FP": 176.85384615384618,
        "IoU": 0.8115022784857846,
        "TN": 60399.623076923075,
        "TP": 1451.2384615384615,
        "n_pred": 1628.0923076923077,
        "n_ref": 1611.923076923077
    },
    "mean": {
        "1": {
            "Dice": 0.9034081945793192,
            "FN": 163.84615384615384,
            "FP": 162.06153846153848,
            "IoU": 0.8253019058949027,
            "TN": 60327.81538461539,
            "TP": 1534.676923076923,
            "n_pred": 1696.7384615384615,
            "n_ref": 1698.5230769230768
        },
        "2": {
            "Dice": 0.886623899061705,
            "FN": 157.52307692307693,
            "FP": 191.64615384615385,
            "IoU": 0.7977026510766666,
            "TN": 60471.43076923077,
            "TP": 1367.8,
            "n_pred": 1559.446153846154,
            "n_ref": 1525.323076923077
        }
    }
}
