{
    "foreground_mean": {
        "Dice": 0.9117125872755228,
        "FN": 695.8266666666667,
        "FP": 847.2800000000001,
        "IoU": 0.8428506138942078,
        "TN": 843387.2466666667,
        "TP": 9498.286666666667,
        "n_pred": 10345.566666666668,
        "n_ref": 10194.113333333333
    },
    "mean": {
        "1": {
            "Dice": 0.8975662440309291,
            "FN": 704.84,
            "FP": 1021.86,
            "IoU": 0.8206881161644464,
            "TN": 843552.72,
            "TP": 9149.22,
            "n_pred": 10171.08,
            "n_ref": 9854.06
        },
        "2": {
            "Dice": 0.8903376702500689,
            "FN": 991.44,
            "FP": 1050.08,
            "IoU": 0.8050264667225956,
            "TN": 843323.06,
            "TP": 9064.06,
            "n_pred": 10114.14,
            "n_ref": 10055.5
        },
        "3": {
            "Dice": 0.9472338475455705,
            "FN": 391.2,
            "FP": 469.9,
            "IoU": 0.9028372587955811,
            "TN": 843285.96,
            "TP": 10281.58,
            "n_pred": 10751.48,
            "n_ref": 10672.78
        }
    }
}
