{
    "foreground_mean": {
        "Dice": 0.8600327277955928,
        "FN": 12564.953333333331,
        "FP": 10952.112000000001,
        "IoU": 0.7797039509896465,
        "TN": 96259418.19733334,
        "TP": 174025.57733333332,
        "n_pred": 184977.6893333333,
        "n_ref": 186590.5306666667
    },
    "mean": {
        "1": {
            "Dice": 0.9373166754784347,
            "FN": 5834.58,
            "FP": 10812.56,
            "IoU": 0.9015365238303744,
            "TN": 96251860.14,
            "TP": 188453.56,
            "n_pred": 199266.12,
            "n_ref": 194288.14
        },
        "10": {
            "Dice": 0.8279036274193717,
            "FN": 11176.18,
            "FP": 12984.32,
            "IoU": 0.7214006949015901,
            "TN": 96369753.96,
            "TP": 63046.38,
            "n_pred": 76030.7,
            "n_ref": 74222.56
        },
        "11": {
            "Dice": 0.770708274971389,
            "FN": 850.96,
            "FP": 746.84,
            "IoU": 0.6380859569538266,
            "TN": 96452513.62,
            "TP": 2849.42,
            "n_pred": 3596.26,
            "n_ref": 3700.38
        },
        "12": {
            "Dice": 0.7914004471158562,
            "FN": 938.12,
            "FP": 738.22,
            "IoU": 0.6647022905465353,
            "TN": 96451985.96,
            "TP": 3298.54,
            "n_pred": 4036.76,
            "n_ref": 4236.66
        },
        "13": {
            "Dice": 0.7495004572416549,
            "FN": 14028.22,
            "FP": 12763.7,
            "IoU": 0.6262291971106603,
            "TN": 96386339.0,
            "TP": 43829.92,
            "n_pred": 56593.62,
            "n_ref": 57858.14
        },
        "14": {
            "Dice": 0.8323819937842298,
            "FN": 30536.52,
            "FP": 12724.22,
            "IoU": 0.7495341142558398,
            "TN": 96305878.48,
            "TP": 107821.62,
            "n_pred": 120545.84,
            "n_ref": 138358.14
        },
        "15": {
            "Dice": 0.8146190713054019,
            "FN": 8725.08,
            "FP": 9505.56,
            "IoU": 0.7195728449127292,
            "TN": 96393408.24,
            "TP": 45321.96,
            "n_pred": 54827.52,
            "n_ref": 54047.04
        },
        "2": {
            "Dice": 0.9555238315006549,
            "FN": 7902.5,
            "FP": 5713.34,
            "IoU": 0.9160334717854591,
            "TN": 96294405.8,
            "TP": 148939.2,
            "n_pred": 154652.54,
            "n_ref": 156841.7
        },
        "3": {
            "Dice": 0.9573412368011069,
            "FN": 6185.38,
            "FP": 7419.08,
            "IoU": 0.9197989318796644,
            "TN": 96286139.18,
            "TP": 157217.2,
            "n_pred": 164636.28,
            "n_ref": 163402.58
        },
        "4": {
            "Dice": 0.7635331797303193,
            "FN": 5029.4,
            "FP": 3112.32,
            "IoU": 0.6842577272046739,
            "TN": 96427271.02,
            "TP": 21548.1,
            "n_pred": 24660.42,
            "n_ref": 26577.5
        },
        "5": {
            "Dice": 0.8099319861072132,
            "FN": 4241.22,
            "FP": 3188.4,
            "IoU": 0.6899797348723719,
            "TN": 96436620.28,
            "TP": 12910.94,
            "n_pred": 16099.34,
            "n_ref": 17152.16
        },
        "6": {
            "Dice": 0.968601481751458,
            "FN": 44220.22,
            "FP": 40247.34,
            "IoU": 0.9399265600588481,
            "TN": 95057489.88,
            "TP": 1315003.4,
            "n_pred": 1355250.74,
            "n_ref": 1359223.62
        },
        "7": {
            "Dice": 0.8786932946688362,
            "FN": 34298.24,
            "FP": 28008.12,
            "IoU": 0.8099818960576914,
            "TN": 96090028.06,
            "TP": 304626.42,
            "n_pred": 332634.54,
            "n_ref": 338924.66
        },
        "8": {
            "Dice": 0.9449582241868881,
            "FN": 7606.2,
            "FP": 7796.14,
            "IoU": 0.8963583114276571,
            "TN": 96316795.52,
            "TP": 124762.98,
            "n_pred": 132559.12,
            "n_ref": 132369.18
        },
        "9": {
            "Dice": 0.8980771348710761,
            "FN": 6901.48,
            "FP": 8521.52,
            "IoU": 0.8181610090467776,
            "TN": 96370783.82,
            "TP": 70754.02,
            "n_pred": 79275.54,
            "n_ref": 77655.5
        }
    }
}
