{
    "foreground_mean": {
        "Dice": 0.8902977505511771,
        "FN": 9178.4,
        "FP": 7683.733333333334,
        "IoU": 0.8240321156537256,
        "TN": 96262686.57599999,
        "TP": 177412.13066666666,
        "n_pred": 185095.864,
        "n_ref": 186590.5306666667
    },
    "mean": {
        "1": {
            "Dice": 0.9532519594814068,
            "FN": 4856.86,
            "FP": 5372.88,
            "IoU": 0.9286540514856937,
            "TN": 96257299.82,
            "TP": 189431.28,
            "n_pred": 194804.16,
            "n_ref": 194288.14
        },
        "10": {
            "Dice": 0.8606275976250768,
            "FN": 9448.12,
            "FP": 9601.32,
            "IoU": 0.768691583379441,
            "TN": 96373136.96,
            "TP": 64774.44,
            "n_pred": 74375.76,
            "n_ref": 74222.56
        },
        "11": {
            "Dice": 0.8147175969406132,
            "FN": 667.32,
            "FP": 642.72,
            "IoU": 0.6978791870963037,
            "TN": 96452617.74,
            "TP": 3033.06,
            "n_pred": 3675.78,
            "n_ref": 3700.38
        },
        "12": {
            "Dice": 0.820411500624791,
            "FN": 797.6,
            "FP": 641.18,
            "IoU": 0.7074048866860965,
            "TN": 96452083.0,
            "TP": 3439.06,
            "n_pred": 4080.24,
            "n_ref": 4236.66
        },
        "13": {
            "Dice": 0.8015041098862383,
            "FN": 11011.86,
            "FP": 9702.6,
            "IoU": 0.696592290259473,
            "TN": 96389400.1,
            "TP": 46846.28,
            "n_pred": 56548.88,
            "n_ref": 57858.14
        },
        "14": {
            "Dice": 0.900211585589114,
            "FN": 13562.02,
            "FP": 5215.88,
            "IoU": 0.8398257262665728,
            "TN": 96313386.82,
            "TP": 124796.12,
            "n_pred": 130012.0,
            "n_ref": 138358.14
        },
        "15": {
            "Dice": 0.861651769897585,
            "FN": 5249.5,
            "FP": 7545.12,
            "IoU": 0.7836218564052869,
            "TN": 96395368.68,
            "TP": 48797.54,
            "n_pred": 56342.66,
            "n_ref": 54047.04
        },
        "2": {
            "Dice": 0.9672157236120417,
            "FN": 5217.04,
            "FP": 5065.8,
            "IoU": 0.9370162801762021,
            "TN": 96295053.34,
            "TP": 151624.66,
            "n_pred": 156690.46,
            "n_ref": 156841.7
        },
        "3": {
            "Dice": 0.9661262633518014,
            "FN": 5184.92,
            "FP": 5239.92,
            "IoU": 0.9356528927608497,
            "TN": 96288318.34,
            "TP": 158217.66,
            "n_pred": 163457.58,
            "n_ref": 163402.58
        },
        "4": {
            "Dice": 0.7927320994511307,
            "FN": 4398.74,
            "FP": 4165.02,
            "IoU": 0.7321227976784488,
            "TN": 96426218.32,
            "TP": 22178.76,
            "n_pred": 26343.78,
            "n_ref": 26577.5
        },
        "5": {
            "Dice": 0.8562206007183215,
            "FN": 3064.42,
            "FP": 2289.36,
            "IoU": 0.7549147567663912,
            "TN": 96437519.32,
            "TP": 14087.74,
            "n_pred": 16377.1,
            "n_ref": 17152.16
        },
        "6": {
            "Dice": 0.9756322457858545,
            "FN": 36467.04,
            "FP": 30234.92,
            "IoU": 0.9532443634249197,
            "TN": 95067502.3,
            "TP": 1322756.58,
            "n_pred": 1352991.5,
            "n_ref": 1359223.62
        },
        "7": {
            "Dice": 0.9107232836039806,
            "FN": 26234.68,
            "FP": 16503.66,
            "IoU": 0.8577737946958777,
            "TN": 96101532.52,
            "TP": 312689.98,
            "n_pred": 329193.64,
            "n_ref": 338924.66
        },
        "8": {
            "Dice": 0.955695023997834,
            "FN": 5780.36,
            "FP": 6359.78,
            "IoU": 0.915935013241886,
            "TN": 96318231.88,
            "TP": 126588.82,
            "n_pred": 132948.6,
            "n_ref": 132369.18
        },
        "9": {
            "Dice": 0.9177448977018666,
            "FN": 5735.52,
            "FP": 6675.84,
            "IoU": 0.8511522544824417,
            "TN": 96372629.5,
            "TP": 71919.98,
            "n_pred": 78595.82,
            "n_ref": 77655.5
        }
    }
}
