{
    "foreground_mean": {
        "Dice": 0.912390902381957,
        "FN": 428.0,
        "FP": 510.7666666666666,
        "IoU": 0.8441700870683843,
        "TN": 493570.69333333336,
        "TP": 5655.66,
        "n_pred": 6166.426666666666,
        "n_ref": 6083.66
    },
    "mean": {
        "1": {
            "Dice": 0.897944033952713,
            "FN": 477.62,
            "FP": 654.68,
            "IoU": 0.8216011247843664,
            "TN": 493127.34,
            "TP": 5905.48,
            "n_pred": 6560.16,
            "n_ref": 6383.1
        },
        "2": {
            "Dice": 0.8932223200969667,
            "FN": 580.12,
            "FP": 602.54,
            "IoU": 0.809629949640224,
            "TN": 493713.52,
            "TP": 5268.94,
            "n_pred": 5871.48,
            "n_ref": 5849.06
        },
        "3": {
            "Dice": 0.9460063530961911,
            "FN": 226.26,
            "FP": 275.08,
            "IoU": 0.9012791867805623,
            "TN": 493871.22,
            "TP": 5792.56,
            "n_pred": 6067.64,
            "n_ref": 6018.82
        }
    }
}
