{
    "foreground_mean": {
        "Dice": 0.8931282477606143,
        "FN": 9137.087999999998,
        "FP": 7518.165333333334,
        "IoU": 0.8274400633066641,
        "TN": 96262852.14400001,
        "TP": 177453.44266666667,
        "n_pred": 184971.60799999998,
        "n_ref": 186590.5306666667
    },
    "mean": {
        "1": {
            "Dice": 0.9541082840110243,
            "FN": 4684.64,
            "FP": 5268.16,
            "IoU": 0.9301347805768987,
            "TN": 96257404.54,
            "TP": 189603.5,
            "n_pred": 194871.66,
            "n_ref": 194288.14
        },
        "10": {
            "Dice": 0.8605783942048234,
            "FN": 9274.98,
            "FP": 9818.7,
            "IoU": 0.7691752009275622,
            "TN": 96372919.58,
            "TP": 64947.58,
            "n_pred": 74766.28,
            "n_ref": 74222.56
        },
        "11": {
            "Dice": 0.8165551457234571,
            "FN": 668.68,
            "FP": 623.1,
            "IoU": 0.700701455294913,
            "TN": 96452637.36,
            "TP": 3031.7,
            "n_pred": 3654.8,
            "n_ref": 3700.38
        },
        "12": {
            "Dice": 0.820686272969317,
            "FN": 796.64,
            "FP": 637.42,
            "IoU": 0.7084874731191494,
            "TN": 96452086.76,
            "TP": 3440.02,
            "n_pred": 4077.44,
            "n_ref": 4236.66
        },
        "13": {
            "Dice": 0.7966851000131967,
            "FN": 11411.32,
            "FP": 9587.88,
            "IoU": 0.6934144879356786,
            "TN": 96389514.82,
            "TP": 46446.82,
            "n_pred": 56034.7,
            "n_ref": 57858.14
        },
        "14": {
            "Dice": 0.9099994264471979,
            "FN": 12064.04,
            "FP": 5199.44,
            "IoU": 0.8508653083180457,
            "TN": 96313403.26,
            "TP": 126294.1,
            "n_pred": 131493.54,
            "n_ref": 138358.14
        },
        "15": {
            "Dice": 0.8827831747029741,
            "FN": 5481.58,
            "FP": 6794.58,
            "IoU": 0.8038660344501328,
            "TN": 96396119.22,
            "TP": 48565.46,
            "n_pred": 55360.04,
            "n_ref": 54047.04
        },
        "2": {
            "Dice": 0.9682700448015281,
            "FN": 5031.16,
            "FP": 4926.44,
            "IoU": 0.938871384184037,
            "TN": 96295192.7,
            "TP": 151810.54,
            "n_pred": 156736.98,
            "n_ref": 156841.7
        },
        "3": {
            "Dice": 0.9668266680346775,
            "FN": 5496.5,
            "FP": 4756.1,
            "IoU": 0.9367022902966963,
            "TN": 96288802.16,
            "TP": 157906.08,
            "n_pred": 162662.18,
            "n_ref": 163402.58
        },
        "4": {
            "Dice": 0.7992707178698494,
            "FN": 4149.54,
            "FP": 5199.96,
            "IoU": 0.7376304954647251,
            "TN": 96425183.38,
            "TP": 22427.96,
            "n_pred": 27627.92,
            "n_ref": 26577.5
        },
        "5": {
            "Dice": 0.8581845893106704,
            "FN": 3015.4,
            "FP": 2264.76,
            "IoU": 0.7579970438785735,
            "TN": 96437543.92,
            "TP": 14136.76,
            "n_pred": 16401.52,
            "n_ref": 17152.16
        },
        "6": {
            "Dice": 0.9756666140532058,
            "FN": 37475.04,
            "FP": 29222.94,
            "IoU": 0.953375880929855,
            "TN": 95068514.28,
            "TP": 1321748.58,
            "n_pred": 1350971.52,
            "n_ref": 1359223.62
        },
        "7": {
            "Dice": 0.9129457659941784,
            "FN": 25857.14,
            "FP": 15711.84,
            "IoU": 0.8616439448770912,
            "TN": 96102324.34,
            "TP": 313067.52,
            "n_pred": 328779.36,
            "n_ref": 338924.66
        },
        "8": {
            "Dice": 0.9560181736725066,
            "FN": 5820.1,
            "FP": 6312.46,
            "IoU": 0.9165005203773259,
            "TN": 96318279.2,
            "TP": 126549.08,
            "n_pred": 132861.54,
            "n_ref": 132369.18
        },
        "9": {
            "Dice": 0.9183453446006077,
            "FN": 5829.56,
            "FP": 6448.7,
            "IoU": 0.8522346489692777,
            "TN": 96372856.64,
            "TP": 71825.94,
            "n_pred": 78274.64,
            "n_ref": 77655.5
        }
    }
}
