{
    "foreground_mean": {
        "Dice": 0.750698110564887,
        "FN": 21393.94222222222,
        "FP": 29792.368888888886,
        "IoU": 0.6845727784473447,
        "TN": 134039751.04444444,
        "TP": 350722.2711111111,
        "n_pred": 380514.63999999996,
        "n_ref": 372116.2133333333
    },
    "mean": {
        "1": {
            "Dice": 0.9557183324901104,
            "FN": 38563.746666666666,
            "FP": 31341.333333333332,
            "IoU": 0.9174662043931776,
            "TN": 133587301.30666667,
            "TP": 784453.24,
            "n_pred": 815794.5733333334,
            "n_ref": 823016.9866666667
        },
        "2": {
            "Dice": 0.8163312913629468,
            "FN": 21473.946666666667,
            "FP": 56044.066666666666,
            "IoU": 0.7329857228465425,
            "TN": 134107540.14666666,
            "TP": 256601.46666666667,
            "n_pred": 312645.5333333333,
            "n_ref": 278075.41333333333
        },
        "3": {
            "Dice": 0.4800447078416039,
            "FN": 4144.133333333333,
            "FP": 1991.7066666666667,
            "IoU": 0.40326640810231423,
            "TN": 134424411.68,
            "TP": 11112.106666666667,
            "n_pred": 13103.813333333334,
            "n_ref": 15256.24
        }
    }
}
