{
    "foreground_mean": {
        "Dice": 0.7732067986144099,
        "FN": 20432.06222222222,
        "FP": 27773.88,
        "IoU": 0.7077881392790686,
        "TN": 134041769.53333335,
        "TP": 351684.1511111111,
        "n_pred": 379458.03111111117,
        "n_ref": 372116.2133333333
    },
    "mean": {
        "1": {
            "Dice": 0.9574039627208364,
            "FN": 35797.81333333333,
            "FP": 31527.573333333334,
            "IoU": 0.9202815219562751,
            "TN": 133587115.06666666,
            "TP": 787219.1733333333,
            "n_pred": 818746.7466666667,
            "n_ref": 823016.9866666667
        },
        "2": {
            "Dice": 0.833519103220965,
            "FN": 21203.093333333334,
            "FP": 49733.4,
            "IoU": 0.7546642364557783,
            "TN": 134113850.81333333,
            "TP": 256872.32,
            "n_pred": 306605.72,
            "n_ref": 278075.41333333333
        },
        "3": {
            "Dice": 0.5286973299014286,
            "FN": 4295.28,
            "FP": 2060.6666666666665,
            "IoU": 0.4484186594251523,
            "TN": 134424342.72,
            "TP": 10960.96,
            "n_pred": 13021.626666666667,
            "n_ref": 15256.24
        }
    }
}
