{
    "foreground_mean": {
        "Dice": 0.7052435444138668,
        "FN": 26366.271111111113,
        "FP": 33796.64444444444,
        "IoU": 0.6370419594551734,
        "TN": 134035746.76888889,
        "TP": 345749.9422222222,
        "n_pred": 379546.58666666667,
        "n_ref": 372116.2133333333
    },
    "mean": {
        "1": {
            "Dice": 0.9524934051741972,
            "FN": 44062.253333333334,
            "FP": 30687.146666666667,
            "IoU": 0.9115950343485214,
            "TN": 133587955.49333334,
            "TP": 778954.7333333333,
            "n_pred": 809641.88,
            "n_ref": 823016.9866666667
        },
        "2": {
            "Dice": 0.7811276750436746,
            "FN": 30034.493333333332,
            "FP": 67944.68,
            "IoU": 0.689337988150177,
            "TN": 134095639.53333333,
            "TP": 248040.92,
            "n_pred": 315985.6,
            "n_ref": 278075.41333333333
        },
        "3": {
            "Dice": 0.38210955302372906,
            "FN": 5002.066666666667,
            "FP": 2758.1066666666666,
            "IoU": 0.31019285586682194,
            "TN": 134423645.28,
            "TP": 10254.173333333334,
            "n_pred": 13012.28,
            "n_ref": 15256.24
        }
    }
}
