{
    "foreground_mean": {
        "Dice": 0.8832009520943735,
        "FN": 10095.529333333334,
        "FP": 8356.491999999998,
        "IoU": 0.8125952037838388,
        "TN": 96262013.81733333,
        "TP": 176495.0013333333,
        "n_pred": 184851.4933333333,
        "n_ref": 186590.5306666667
    },
    "mean": {
        "1": {
            "Dice": 0.9508119311083542,
            "FN": 5183.66,
            "FP": 5900.9,
            "IoU": 0.924054083049515,
            "TN": 96256771.8,
            "TP": 189104.48,
            "n_pred": 195005.38,
            "n_ref": 194288.14
        },
        "10": {
            "Dice": 0.851635711402585,
            "FN": 9805.52,
            "FP": 10829.34,
            "IoU": 0.7553331749217083,
            "TN": 96371908.94,
            "TP": 64417.04,
            "n_pred": 75246.38,
            "n_ref": 74222.56
        },
        "11": {
            "Dice": 0.8023910225542632,
            "FN": 732.46,
            "FP": 653.36,
            "IoU": 0.6801499968606334,
            "TN": 96452607.1,
            "TP": 2967.92,
            "n_pred": 3621.28,
            "n_ref": 3700.38
        },
        "12": {
            "Dice": 0.8116348855863944,
            "FN": 851.62,
            "FP": 662.8,
            "IoU": 0.6945582177180877,
            "TN": 96452061.38,
            "TP": 3385.04,
            "n_pred": 4047.84,
            "n_ref": 4236.66
        },
        "13": {
            "Dice": 0.7858879237222548,
            "FN": 11877.3,
            "FP": 10378.28,
            "IoU": 0.6765453258184803,
            "TN": 96388724.42,
            "TP": 45980.84,
            "n_pred": 56359.12,
            "n_ref": 57858.14
        },
        "14": {
            "Dice": 0.8871557649242039,
            "FN": 16569.86,
            "FP": 6698.76,
            "IoU": 0.8177251286554851,
            "TN": 96311903.94,
            "TP": 121788.28,
            "n_pred": 128487.04,
            "n_ref": 138358.14
        },
        "15": {
            "Dice": 0.846719397182282,
            "FN": 6351.86,
            "FP": 7757.32,
            "IoU": 0.7611203273015181,
            "TN": 96395156.48,
            "TP": 47695.18,
            "n_pred": 55452.5,
            "n_ref": 54047.04
        },
        "2": {
            "Dice": 0.964131559037453,
            "FN": 5904.42,
            "FP": 5299.9,
            "IoU": 0.9312411004294128,
            "TN": 96294819.24,
            "TP": 150937.28,
            "n_pred": 156237.18,
            "n_ref": 156841.7
        },
        "3": {
            "Dice": 0.9638031095477124,
            "FN": 5585.78,
            "FP": 5552.28,
            "IoU": 0.9314170894598977,
            "TN": 96288005.98,
            "TP": 157816.8,
            "n_pred": 163369.08,
            "n_ref": 163402.58
        },
        "4": {
            "Dice": 0.7996638298423875,
            "FN": 4533.5,
            "FP": 4323.68,
            "IoU": 0.7326747130707821,
            "TN": 96426059.66,
            "TP": 22044.0,
            "n_pred": 26367.68,
            "n_ref": 26577.5
        },
        "5": {
            "Dice": 0.8455114991437288,
            "FN": 3354.74,
            "FP": 2570.74,
            "IoU": 0.739845552598715,
            "TN": 96437237.94,
            "TP": 13797.42,
            "n_pred": 16368.16,
            "n_ref": 17152.16
        },
        "6": {
            "Dice": 0.9737096440058661,
            "FN": 39298.64,
            "FP": 32397.44,
            "IoU": 0.9495517500182301,
            "TN": 95065339.78,
            "TP": 1319924.98,
            "n_pred": 1352322.42,
            "n_ref": 1359223.62
        },
        "7": {
            "Dice": 0.9000668620388771,
            "FN": 28968.06,
            "FP": 18361.16,
            "IoU": 0.8426432925100003,
            "TN": 96099675.02,
            "TP": 309956.6,
            "n_pred": 328317.76,
            "n_ref": 338924.66
        },
        "8": {
            "Dice": 0.952631020468218,
            "FN": 6192.48,
            "FP": 6970.74,
            "IoU": 0.9102792044838055,
            "TN": 96317620.92,
            "TP": 126176.7,
            "n_pred": 133147.44,
            "n_ref": 132369.18
        },
        "9": {
            "Dice": 0.9122601208510238,
            "FN": 6223.04,
            "FP": 6990.68,
            "IoU": 0.8417890998613095,
            "TN": 96372314.66,
            "TP": 71432.46,
            "n_pred": 78423.14,
            "n_ref": 77655.5
        }
    }
}
