{
    "foreground_mean": {
        "Dice": 0.9102975546567879,
        "FN": 724.7999999999998,
        "FP": 821.8066666666667,
        "IoU": 0.8406083534747647,
        "TN": 843412.7200000001,
        "TP": 9469.313333333334,
        "n_pred": 10291.12,
        "n_ref": 10194.113333333333
    },
    "mean": {
        "1": {
            "Dice": 0.8970736529988632,
            "FN": 727.18,
            "FP": 980.24,
            "IoU": 0.8195706445221431,
            "TN": 843594.34,
            "TP": 9126.88,
            "n_pred": 10107.12,
            "n_ref": 9854.06
        },
        "2": {
            "Dice": 0.8874400722933011,
            "FN": 1050.56,
            "FP": 1020.08,
            "IoU": 0.8006534720631657,
            "TN": 843353.06,
            "TP": 9004.94,
            "n_pred": 10025.02,
            "n_ref": 10055.5
        },
        "3": {
            "Dice": 0.946378938678199,
            "FN": 396.66,
            "FP": 465.1,
            "IoU": 0.9016009438389854,
            "TN": 843290.76,
            "TP": 10276.12,
            "n_pred": 10741.22,
            "n_ref": 10672.78
        }
    }
}
